,dataset,host_institution,url,taxa_covered,sound_types_labeled,size,sample_rate,label_format,license_access,papers_using_it,survey
1,FishSounds.net (Website Data Repository),Univ. of Victoria / MERIDIAN (Dal) / Borealis,https://fishsounds.net/ ; data: https://borealisdata.ca/dataset.xhtml?persistentId=doi%3A10.5683%2FSP2%2FTACOUX,"1,252 fish species (2,916 examinations, 1,013 refs, 1874–2023)","Per-species sound-production descriptors (grunt, drum, hum, boatwhistle, etc.), frequency measurements for 52 recordings","1,304 recordings; Borealis v10: 342 files, 650 MB (154 audio, 138 images, 35 tabular)",varies,CSV/tabular + audio + images,CC BY-NC 4.0,Looby et al. 2022 Ecol. Informatics https://www.sciencedirect.com/science/article/abs/pii/S1574954122004034 ; Looby et al. 2025 GEB https://onlinelibrary.wiley.com/doi/10.1111/geb.70149,survey_fish_invertebrates
2,ReefSet v1.0 (+ SurfPerch model),UCL / Google DeepMind / Google Research; Zenodo,https://zenodo.org/records/11071202 ; model: https://www.kaggle.com/models/google/surfperch ; code: https://github.com/google-research/perch,"Tropical reef biophony from 16 datasets, 12 countries; fish (damselfish, grouper), dolphins, croaks/crackles/growls, snapping shrimp crackle, anthropogenic noise, waves",37 classes,"57,084 WAV clips × 1.88 s (1.6 GB)",16 kHz,reefset_annotations.json,CC BY 4.0,Williams et al. 2024/2025 https://arxiv.org/abs/2404.16436 ; Burns et al. 2025 Perch 2.0 https://arxiv.org/abs/2512.03219,survey_fish_invertebrates
3,Coral Reef Soundscapes – French Polynesia,Ben Williams (UCL); Zenodo,https://zenodo.org/records/10539938,Whole reef soundscapes,Raw 1-min recordings; site-level classes,"22 GB, 50 zip parts",not stated,Raw WAV,CC BY 4.0,Williams et al. 2025 PLOS Comput. Biol. https://journals.plos.org/ploscompbiol/article?id=10.1371/journal.pcbi.1013029,survey_fish_invertebrates
4,Polynesian altiphotic/mesophotic/rariphotic soundscapes (Sci. Data 2026),CRIOBE / Univ. Brest; Zenodo (~30 records),https://www.nature.com/articles/s41597-026-06964-3 ; sounds <2 kHz 10.5281/zenodo.12570714 ; ID key https://zenodo.org/records/10592329,"Fish, benthic invertebrates, dolphins, baleen whales; French Polynesia 20–300 m","Broadband transient sounds (invertebrates), fish sounds <2 kHz, odontocete whistles, humpback/minke",2016–2022 campaigns,44.1–96 kHz,Raw WAV + metadata; ID key,CC BY-NC-ND 4.0 (some records CC BY),Sci. Data 2026 descriptor,survey_fish_invertebrates
5,ToadFishFinder classifier v4 call catalog,NC State (Bohnenstiehl); Dryad/Zenodo,https://zenodo.org/records/8225808 ; code https://github.com/drbohnen/ToadFishFinder,Opsanus tau,Boatwhistle vs other,">10,000 + >10,000 labeled clips; WAV clips 2.0 GB","24 kHz; 1,350 ms segments",Spectrogram PNGs + .mat + WAV,CC0,Bohnenstiehl 2023 https://doi.org/10.1016/j.ecoinf.2023.102268 ; Ricci et al. 2017 https://journals.plos.org/plosone/article?id=10.1371/journal.pone.0182757,survey_fish_invertebrates
6,NOAA/Navy SanctSound detection products,NOAA ONMS + US Navy; NCEI; Google Cloud,gs://noaa-passive-bioacoustic/sanctsound/products/detections/ ; https://sanctsound.ioos.us/,"Atlantic cod, haddock, red/black grouper, plainfin midshipman, bocaccio, toadfish, damselfish, fish chorus, snapping shrimp, mammals","Cod grunts, grouper calls, midshipman hums, knocks, chorus presence","300 TB raw, 2018–2021",SoundTrap,CSV + netCDF detection tables,Public domain,Urazghildiiev & Van Parijs 2016; https://www.ncei.noaa.gov/news/sanctsound-studying-underwater-world-sound,survey_fish_invertebrates
7,Australian Fish Chorus Catalogue (2005–2023),Curtin CMST / IMOS; AODN,https://doi.org/10.26198/qfj2-jj93,"301 fish choruses, 83 sites; some attributed to Protonibea diacanthus, Argyrosomus japonicus, Terapontidae, Platax orbicularis","Chorus min/max/peak freq, timing",301 records,3–96 kHz,Tabular,CC BY 4.0,Parsons et al. 2024 https://www.frontiersin.org/journals/remote-sensing/articles/10.3389/frsen.2024.1473168/full,survey_fish_invertebrates
8,FADAR Caribbean grouper call dataset,FAU / CFMC / NOAA,https://github.com/Aliklawat/-Fish-Acoustic-Detection-Algorithm-Research (code only),"Epinephelus guttatus, E. striatus, Mycteroperca venenosa, M. bonaci","RH1–4, N1–4, YF1–2, black grouper tonal","73,466 spectrograms",10 kHz,per-clip class,Not public,Ali et al. 2024 https://www.frontiersin.org/journals/marine-science/articles/10.3389/fmars.2024.1378159/full ; Ibrahim et al. 2018/2020 JASA-EL,survey_fish_invertebrates
9,May River (SC) sciaenid acoustic library,USC Beaufort,https://journals.plos.org/plosone/article?id=10.1371/journal.pone.0209914 (SI),"Pogonias cromis, Bairdiella chrysoura, Cynoscion nebulosus, Sciaenops ocellatus","Drum, pulse, grunt, staccato",51/144/145/171 library calls,80 kHz,Feature tables,CC BY,Monczak et al. 2019,survey_fish_invertebrates
10,FishSound Finder training sets (BC & Miami),DFO / UVic / NOAA NEFSC (Mouy),https://github.com/xaviermouy/FishSound_Finder,"Unidentified fish (rockfish habitats, Miami)","Grunts, pulses, pulse trains vs noise","21,032 + 5,431 + 19,858 annotations",≥32 kHz / 144 kHz,Raven boxes,Data on request; code BSD-3,Mouy et al. 2024 https://www.frontiersin.org/journals/remote-sensing/articles/10.3389/frsen.2024.1439995/full ; Mouy et al. 2023 MEE,survey_fish_invertebrates
11,Arraial do Cabo reef fish pulsed-sound set,UFF / IEAPM Brazil,https://github.com/vivianeocn/fish_sounds_shap ; https://doi.org/10.6084/m9.figshare.c.7837885,Unidentified reef fish,4 pulsed classes,120 clips (+aug to 360),"52,734 Hz",per-clip class,Open,Barroso et al. 2025 https://pmc.ncbi.nlm.nih.gov/articles/PMC12159670/,survey_fish_invertebrates
12,Hawai'i Island reef year-long PAM (Duane et al.),NUWC / Cornell; Kaggle,https://doi.org/10.34740/kaggle/m/442941,"Damselfish, parrotfish, holocentrids, humpback units, ship noise","9 unsupervised classes, 150–750 Hz","7.77 M detections, 2020–21",96 kHz,Cluster labels,Processed open; raw restricted,Duane et al. 2026 https://pmc.ncbi.nlm.nih.gov/articles/PMC13411937/,survey_fish_invertebrates
13,Koh Man Marine Soundscape,Thailand DMCR; HF,https://huggingface.co/datasets/WasuratS/ocean_soundscape,Pristine vs degraded reef,Unannotated,197 GB,SoundTrap ST600,none,CC BY-NC 4.0,—,survey_fish_invertebrates
14,OCEANS (NeurIPS 2025 D&B),MIT (Kurinchi-Vendhan & Beery),https://neurips.cc/virtual/2025/125868,Cetaceans to crustaceans,Long-form + unknown-event markers,not stated,—,metadata + markers,Open (unverified),NeurIPS 2025 D&B,survey_fish_invertebrates
15,"Fish & Mowbray ""Sounds of Western North Atlantic Fishes""",URI GSO,https://web.uri.edu/gso/research/fish-sounds/,"153 soniferous species, 1950–70","Boatwhistles, rasps, ratchets, etc.",analog era,n/a,Book + index; MP3 on request,Request via fishsounds@uri.edu,Fish & Mowbray 1970,survey_fish_invertebrates
16,Macaulay Library marine collection,Cornell,https://search.macaulaylibrary.org/catalog?mediaType=audio,"Fishes, marine mammals",Species-tagged,"~5,700 clips (1,200 h)",varies,metadata,Playback free; download by request,—,survey_fish_invertebrates
17,DOSITS Audio Gallery,URI / DOSITS,https://dosits.org/galleries/audio-gallery/,"Fishes + invertebrates (mantis shrimp, snapping shrimp, kina, spiny lobster, scallop, polychaete, ghost crab)",Named per species,dozens of clips,varies,web,Educational; blocks scraping,Malfante et al. 2018 JASA,survey_fish_invertebrates
18,"NOAA Fisheries ""Sounds in the Ocean: Fish and Invertebrates""",NOAA,https://www.fisheries.noaa.gov/national/science-data/sounds-ocean-fish-and-invertebrates,"Cod, black drum, groupers, haddock, silver perch, toadfish, snapping shrimp","Grunts, drumming, pulses, knocks, snaps",8 clips,—,web,Public domain,—,survey_fish_invertebrates
19,Coquereau et al. 2016 maerl-bed invertebrate sound library,IUEM/LEMAR Brest,https://link.springer.com/article/10.1007/s00227-016-2902-2 ; https://www.liabebest.org/production-media/publications/coquereauetal2016.pdf,"8 soniferous invertebrates (urchins, limpet, scallops, shrimp, spider crab)",15 sound types,"~1,300 signals",192/156 kHz,Table 2 + ESM audio,Journal supplement,Coquereau 2016/2017; Solé et al. 2023 review,survey_fish_invertebrates
20,European lobster buzz dataset (Johnshaven),arXiv authors,https://arxiv.org/abs/2511.16848,Homarus gammarus,Buzz,"7,307 s, 24 individuals",—,sex/age class,unverified,Ecol. Informatics 2026,survey_fish_invertebrates
21,Palinurus elephas antennal rasps,IUEM/LEMAR,https://pmc.ncbi.nlm.nih.gov/articles/PMC7242360/,Palinurus elephas,Antennal rasps,"1,560 rasps",156 kHz,—,on request,Jézéquel et al. 2020 Sci. Rep.,survey_fish_invertebrates
22,Green turtle sound repertoire (Martinique),CNRS / MNHN,https://www.int-res.com/articles/esr2022/48/n048p031.pdf,Chelonia mydas juveniles,10 sound types + grunt,950 sounds,tag audio,manual,audio not deposited,Charrier et al. 2022/2025,survey_fish_invertebrates
23,Snapping shrimp template kernels,Figshare (NC State),https://figshare.com/articles/dataset/Building_Template_Kernels_for_Snapping_Shrimp_Detection_Algorithm/4781833,Alpheidae,Snap templates,small,—,MATLAB,Figshare,Bohnenstiehl,survey_fish_invertebrates
24,Alpheus richardsoni audiograms (Dryad),Univ. Auckland,https://datadryad.org/dataset/doi:10.5061/dryad.nk98sf7t7,Alpheus richardsoni,"hearing only, no audio",27 KB,—,CSV,CC0,Dinh & Radford 2021,survey_fish_invertebrates
25,BOEM AT-20-06 Atlantic fish sound catalog,Cornell (Rice) for BOEM,https://boem.gov/environment/environmental-studies/database-and-acoustic-reference-catalog-marine-fish-sounds,US Atlantic soniferous fishes,Species catalog + detectors,FY2021–23,—,relational DB,public (portal pending),Parsons et al. 2022 https://www.frontiersin.org/journals/ecology-and-evolution/articles/10.3389/fevo.2022.810156/full,survey_fish_invertebrates
26,Freesound hydrophone packs,Freesound,https://freesound.org/people/digifishmusic/packs/2885/ ; https://freesound.org/people/klankbeeld/packs/26803/,"Snapping shrimp, ambience",unlabeled,tens of clips,varies,tags,CC per clip,—,survey_fish_invertebrates
27,HF model axds/classify-fish-sounds,Mote / SECOORA / Axiom,https://huggingface.co/axds/classify-fish-sounds,Florida fish,see card,—,—,—,HF,https://secoora.org/from-a-whales-song-to-an-oceans-symphony-how-ai-decodes-underwater-sound/,survey_fish_invertebrates
28,Orcasound open data (AWS),Orcasound,https://registry.opendata.aws/orcasound/,Salish Sea hydrophones,Orca annotations,multi-year,varies,—,Open,—,survey_fish_invertebrates
