scientific_name,common_name,group,sound_type,freq_range_hz,duration,datasets_containing_it,source_url,survey
Opsanus tau,Oyster toadfish,fish,Boatwhistle,fundamental 140–260 Hz,200–650 ms,ToadFishFinder; NOAA; SanctSound; Fish & Mowbray; FishSounds,https://journals.plos.org/plosone/article?id=10.1371/journal.pone.0182757,survey_fish_invertebrates
Opsanus tau,Oyster toadfish,fish,Grunt (agonistic),—,—,FishSounds,https://www.ncbi.nlm.nih.gov/pmc/articles/PMC4662586/,survey_fish_invertebrates
Halobatrachus didactylus,Lusitanian toadfish,fish,Boatwhistle,fundamental ~60 Hz,~0.8 s,DOSITS; FishSounds,https://dosits.org/galleries/audio-gallery/fishes/lusitanian-toadfish/,survey_fish_invertebrates
Porichthys notatus,Plainfin midshipman,fish,Hum,fundamental 98–108 Hz,minutes to >1 h,SanctSound; DOSITS,https://dosits.org/galleries/audio-gallery/fishes/plainfin-midshipman/,survey_fish_invertebrates
Gadus morhua,Atlantic cod,fish,Grunt,50–500 Hz; fundamental 45–60 Hz,~200–300 ms,SanctSound; NOAA,https://pubs.aip.org/asa/jasa/article-abstract/139/5/2532/838475,survey_fish_invertebrates
Pollachius pollachius,Pollack,fish,Grunt,low,—,—,https://onlinelibrary.wiley.com/doi/10.1111/jfb.12342,survey_fish_invertebrates
Melanogrammus aeglefinus,Haddock,fish,Knock,<1 kHz,pulses 10–20 ms apart,SanctSound; NOAA,https://ncbi.nlm.nih.gov/pmc/articles/PMC7588448,survey_fish_invertebrates
Pogonias cromis,Black drum,fish,Harmonic drumming,80–400 Hz,long,May River; NOAA,https://journals.plos.org/plosone/article?id=10.1371/journal.pone.0209914,survey_fish_invertebrates
Bairdiella chrysoura,Silver perch,fish,Pulsed call / knocks,80–5000 Hz,5–13+ pulses,May River; NOAA,same,survey_fish_invertebrates
Cynoscion nebulosus,Spotted seatrout,fish,"Grunt, drum, staccato",—,staccato ≤21+ pulses,May River,same,survey_fish_invertebrates
Sciaenops ocellatus,Red drum,fish,Pulse sequence,—,3–5+ pulses,May River,same,survey_fish_invertebrates
Cynoscion regalis,Weakfish,fish,Purr,"300–600 Hz, peak ~540 Hz",0.5–1.0 s,CMAST gallery,https://pubmed.ncbi.nlm.nih.gov/10751166/,survey_fish_invertebrates
Protonibea diacanthus,Black jewfish,fish,Chorus,—,—,Australian Fish Chorus Catalogue,https://academic.oup.com/icesjms/article/73/8/2058/2198353,survey_fish_invertebrates
Argyrosomus japonicus,Mulloway,fish,Chorus,—,—,Australian Fish Chorus Catalogue,https://www.frontiersin.org/journals/remote-sensing/articles/10.3389/frsen.2024.1473168/full,survey_fish_invertebrates
Terapontidae spp.,Grunters,fish,Trumpet/buzz chorus,—,—,Australian Fish Chorus Catalogue,https://www.curtin.edu.au/news/singing-fish-no-tall-tale/,survey_fish_invertebrates
Platax orbicularis,Orbicular batfish,fish,Staccato beat,—,—,Australian Fish Chorus Catalogue,same,survey_fish_invertebrates
Epinephelus guttatus,Red hind,fish,RH1–RH4,20–360 Hz,—,FADAR,https://www.frontiersin.org/journals/marine-science/articles/10.3389/fmars.2024.1378159/full,survey_fish_invertebrates
Epinephelus striatus,Nassau grouper,fish,N1 alarm pulses; N2 courtship tonal; N3 agonistic double pulses; N4 grunt pairs,30–300 Hz,CAS 1.6 s; pulses 0.09 s,FADAR; DOSITS,https://www.frontiersin.org/journals/marine-science/articles/10.3389/fmars.2019.00779/pdf,survey_fish_invertebrates
Mycteroperca venenosa,Yellowfin grouper,fish,"YF1, YF2",peak 89–142 Hz,YF1 ~3 s,FADAR,FADAR paper,survey_fish_invertebrates
Mycteroperca bonaci,Black grouper,fish,Modulated tonal,60–120 Hz,—,FADAR; SanctSound; NOAA,FADAR paper,survey_fish_invertebrates
Epinephelus morio,Red grouper,fish,Pulses + growl; pulse train,peak ~180 Hz,growl 0.5–2 s,SanctSound; NOAA; DOSITS,https://www.researchgate.net/publication/278176913,survey_fish_invertebrates
Epinephelus itajara,Goliath grouper,fish,Boom,—,—,—,https://www.researchgate.net/publication/240809988,survey_fish_invertebrates
Sebastes maliger,Quillback rockfish,fish,Low-frequency pulses,—,—,Mouy 2023,https://besjournals.onlinelibrary.wiley.com/doi/full/10.1111/2041-210X.14095,survey_fish_invertebrates
Sebastes caurinus,Copper rockfish,fish,Low-frequency sounds,—,—,Mouy 2023,same,survey_fish_invertebrates
Ophiodon elongatus,Lingcod,fish,Low-frequency sounds,—,—,Mouy 2023,same,survey_fish_invertebrates
Sebastes paucispinis,Bocaccio,fish,Low-frequency calls,—,—,SanctSound,https://sanctsound.ioos.us/sounds.html,survey_fish_invertebrates
Pomacentridae,Damselfishes,fish,Pulses / pulse trains,"100–1000 Hz, peaks 100–300 Hz",pulses <100 ms,ReefSet; Duane; SanctSound,https://link.springer.com/article/10.1007/BF00606305,survey_fish_invertebrates
Chromis viridis,Blue-green damselfish,fish,Agonistic pulse trains,—,1–22 pulses,—,https://www.researchgate.net/publication/241681939,survey_fish_invertebrates
Dascyllus aruanus,Humbug dascyllus,fish,Pop; Chirp,pops peak 680–1300 Hz; chirps 3400–4100 Hz,pops 6.7 ms,—,https://onlinelibrary.wiley.com/doi/abs/10.1111/j.1095-8649.2006.01117.x,survey_fish_invertebrates
Plectroglyphidodon lacrymatus,Whitespotted devil,fish,Pulsed / chirps,—,—,—,same,survey_fish_invertebrates
Pomacentrus amboinensis,Ambon damselfish,fish,Reproductive pulsed + tonal,~414 Hz,—,—,https://www.researchgate.net/publication/306343726,survey_fish_invertebrates
Holocentridae spp.,Squirrelfish,fish,Grunts/staccato,150–750 Hz,—,Duane (Kaggle),https://pmc.ncbi.nlm.nih.gov/articles/PMC13411937/,survey_fish_invertebrates
Scaridae spp.,Parrotfishes,fish,Feeding scrapes; rasps,—,—,Duane; Fish & Mowbray,https://web.uri.edu/gso/research/fish-sounds/,survey_fish_invertebrates
Ariopsis felis,Hardhead sea catfish,fish,Vocalizations,—,—,Fish & Mowbray,https://web.uri.edu/wp-content/uploads/sites/916/sea-catfish_047.002_mono.mp3,survey_fish_invertebrates
Alpheus heterochaelis,Bigclaw snapping shrimp,crustacean,Snap,"2–>200 kHz, main 2–5 kHz",0.5–1 ms,NOAA,https://www.frontiersin.org/journals/marine-science/articles/10.3389/fmars.2023.1029003/full,survey_fish_invertebrates
Synalpheus parneomeris,Snapping shrimp,crustacean,Snap,2–200 kHz,—,—,https://www.researchgate.net/publication/252682379,survey_fish_invertebrates
Alpheidae,Snapping shrimp,crustacean,Snap / crackle,~3–13 kHz,—,SanctSound; ReefSet; Koh Man; Polynesia,https://sanctsound.ioos.us/sounds.html,survey_fish_invertebrates
Athanas nitescens,Hooded shrimp,crustacean,Snap,peak 9 kHz and 33 kHz,—,Coquereau 2016,https://www.liabebest.org/production-media/publications/coquereauetal2016.pdf,survey_fish_invertebrates
Maja brachydactyla,Atlantic spider crab,crustacean,Types 1–3 (feeding),3–45 kHz,—,Coquereau 2016,same,survey_fish_invertebrates
Echinus esculentus,Edible sea urchin,echinoderm,Feeding; Moving,feeding peak 46 kHz,—,Coquereau 2016,same,survey_fish_invertebrates
Paracentrotus lividus,Purple sea urchin,echinoderm,Feeding; Moving,45 kHz,—,Coquereau 2016,same,survey_fish_invertebrates
Psammechinus miliaris,Green sea urchin,echinoderm,Feeding; Moving,49 kHz,—,Coquereau 2016,same,survey_fish_invertebrates
Evechinus chloroticus,Kina,echinoderm,Grazing chorus,700–2800 Hz,dusk,DOSITS,https://dosits.org/galleries/audio-gallery/marine-invertebrates/sea-urchin-kina/,survey_fish_invertebrates
Diadema antillarum et al.,Tropical sea urchins,echinoderm,Feeding scrapes,2.3–9.2 kHz,—,—,https://www.frontiersin.org/journals/marine-science/articles/10.3389/fmars.2023.1129057/full,survey_fish_invertebrates
Pecten maximus,Great scallop,mollusc,Swimming; coughing,35 kHz; 20 Hz–27 kHz,—,Coquereau; DOSITS,https://dosits.org/galleries/audio-gallery/marine-invertebrates/great-scallop-pecten-maximus/,survey_fish_invertebrates
Mimachlamys varia,Variegated scallop,mollusc,Jumping; swimming,35–37 kHz,—,Coquereau 2016,Coquereau Table 2,survey_fish_invertebrates
Crepidula fornicata,Slipper limpet,mollusc,Moving,45 kHz,—,Coquereau 2016,same,survey_fish_invertebrates
Perna perna,Brown mussel,mollusc,Valve movements,4–6 kHz,—,—,Solé et al. 2023,survey_fish_invertebrates
Homarus americanus,American lobster,crustacean,Buzz,87–261 Hz,~200 ms,—,https://journals.biologists.com/jeb/article/224/6/jeb240747/237913,survey_fish_invertebrates
Homarus gammarus,European lobster,crustacean,Buzz,~100 Hz,~200 ms,Johnshaven,https://arxiv.org/abs/2511.16848,survey_fish_invertebrates
Palinurus elephas,European spiny lobster,crustacean,Antennal rasp,2–75 kHz,—,Jézéquel 2020; DOSITS,https://pmc.ncbi.nlm.nih.gov/articles/PMC7242360/,survey_fish_invertebrates
Panulirus interruptus,California spiny lobster,crustacean,Antennal rasp,—,—,—,https://pubmed.ncbi.nlm.nih.gov/19425682/,survey_fish_invertebrates
Panulirus spp. (Brazil),Spiny lobsters,crustacean,Rasp,—,125–265 pulses/s,—,https://link.springer.com/article/10.1007/s00435-019-00461-5,survey_fish_invertebrates
Hemisquilla californiensis,California mantis shrimp,crustacean,Rumble,20–60 Hz,—,DOSITS,https://dosits.org/galleries/audio-gallery/marine-invertebrates/mantis-shrimp/,survey_fish_invertebrates
Chionoecetes opilio,Snow crab,crustacean,Rasp,—,—,—,https://pubs.aip.org/asa/jasa/article/159/5/4079/3391266,survey_fish_invertebrates
Ocypode spp.,Ghost crab,crustacean,Stridulation,—,—,DOSITS,https://dosits.org/galleries/audio-gallery/marine-invertebrates/,survey_fish_invertebrates
Leocratides kimuraorum,Polychaete worm,annelid,Pops,—,—,DOSITS,same,survey_fish_invertebrates
Chelonia mydas (juvenile),Green sea turtle,reptile,"Pulses, croak, rumble, FM sound, squeaks, grunt",peak 200–400 Hz,—,Charrier 2022/2025,https://www.int-res.com/articles/esr2022/48/n048p031.pdf,survey_fish_invertebrates
Chelonia mydas (hatchling),Green sea turtle,reptile,4 categories,—,—,—,https://bioone.org/journals/copeia/volume-2014/issue-2/CE-13-087/,survey_fish_invertebrates
Dermochelys coriacea,Leatherback,reptile,4 nest sound types,—,—,—,https://bioone.org/journals/chelonian-conservation-and-biology/volume-13/issue-1/CCB-1045.1/,survey_fish_invertebrates
