id,buoy_id,timestamp_utc,latitude,longitude,confidence,species,peak_hz,duration_s,sample_rate_hz,clip_path,spectrogram_path,source,notes
KEIKO-01-20260907T005431,KEIKO-01,2026-09-07T00:54:31Z,42.35828,-71.08611,0.69,crew shell,86,9.3,8000,clips/KEIKO-01-20260907T005431.wav,spectrograms/KEIKO-01-20260907T005431.png,synthetic,generated by tools/keiko_data.py synth --site charles
KEIKO-01-20260907T215724,KEIKO-01,2026-09-07T21:57:24Z,42.35555,-71.09022,0.90,motorboat,96,7.9,8000,clips/KEIKO-01-20260907T215724.wav,spectrograms/KEIKO-01-20260907T215724.png,synthetic,generated by tools/keiko_data.py synth --site charles
KEIKO-01-20260908T000448,KEIKO-01,2026-09-08T00:04:48Z,42.35695,-71.08719,0.85,motorboat,62,10.5,8000,clips/KEIKO-01-20260908T000448.wav,spectrograms/KEIKO-01-20260908T000448.png,synthetic,generated by tools/keiko_data.py synth --site charles
KEIKO-01-20260908T014755,KEIKO-01,2026-09-08T01:47:55Z,42.34085,-70.97164,0.86,unknown,312,2.3,8000,clips/KEIKO-01-20260908T014755.wav,spectrograms/KEIKO-01-20260908T014755.png,synthetic,generated by tools/keiko_data.py synth
KEIKO-01-20260908T030801,KEIKO-01,2026-09-08T03:08:01Z,42.33989,-70.96522,0.68,unknown,391,3.2,8000,clips/KEIKO-01-20260908T030801.wav,spectrograms/KEIKO-01-20260908T030801.png,synthetic,generated by tools/keiko_data.py synth
KEIKO-01-20260908T214927,KEIKO-01,2026-09-08T21:49:27Z,42.35639,-71.08604,0.78,motorboat,86,7.4,8000,clips/KEIKO-01-20260908T214927.wav,spectrograms/KEIKO-01-20260908T214927.png,synthetic,generated by tools/keiko_data.py synth --site charles
KEIKO-01-20260909T032652,KEIKO-01,2026-09-09T03:26:52Z,42.35589,-71.09059,0.97,motorboat,62,10.0,8000,clips/KEIKO-01-20260909T032652.wav,spectrograms/KEIKO-01-20260909T032652.png,synthetic,generated by tools/keiko_data.py synth --site charles
KEIKO-01-20260909T033920,KEIKO-01,2026-09-09T03:39:20Z,42.35649,-71.08796,0.90,motorboat,102,8.7,8000,clips/KEIKO-01-20260909T033920.wav,spectrograms/KEIKO-01-20260909T033920.png,synthetic,generated by tools/keiko_data.py synth --site charles
KEIKO-01-20260909T135142,KEIKO-01,2026-09-09T13:51:42Z,42.35725,-71.08403,0.88,motorboat,94,9.5,8000,clips/KEIKO-01-20260909T135142.wav,spectrograms/KEIKO-01-20260909T135142.png,synthetic,generated by tools/keiko_data.py synth --site charles
KEIKO-01-20260909T190857,KEIKO-01,2026-09-09T19:08:57Z,42.33730,-70.96880,0.83,unknown,385,3.0,8000,clips/KEIKO-01-20260909T190857.wav,spectrograms/KEIKO-01-20260909T190857.png,synthetic,generated by tools/keiko_data.py synth
KEIKO-01-20260910T001503,KEIKO-01,2026-09-10T00:15:03Z,42.34079,-70.97428,0.70,unknown,288,2.1,8000,clips/KEIKO-01-20260910T001503.wav,spectrograms/KEIKO-01-20260910T001503.png,synthetic,generated by tools/keiko_data.py synth
KEIKO-01-20260910T072114,KEIKO-01,2026-09-10T07:21:14Z,42.34122,-70.96970,0.76,unknown,138,3.7,8000,clips/KEIKO-01-20260910T072114.wav,spectrograms/KEIKO-01-20260910T072114.png,synthetic,generated by tools/keiko_data.py synth
KEIKO-01-20260910T101904,KEIKO-01,2026-09-10T10:19:04Z,42.35775,-71.08313,0.53,crew shell,81,10.1,8000,clips/KEIKO-01-20260910T101904.wav,spectrograms/KEIKO-01-20260910T101904.png,synthetic,generated by tools/keiko_data.py synth --site charles
KEIKO-01-20260910T211458,KEIKO-01,2026-09-10T21:14:58Z,42.33663,-70.96795,0.86,unknown,318,3.4,8000,clips/KEIKO-01-20260910T211458.wav,spectrograms/KEIKO-01-20260910T211458.png,synthetic,generated by tools/keiko_data.py synth
KEIKO-01-20260912T132816,KEIKO-01,2026-09-12T13:28:16Z,42.34353,-70.96994,0.79,unknown,177,4.3,8000,clips/KEIKO-01-20260912T132816.wav,spectrograms/KEIKO-01-20260912T132816.png,synthetic,generated by tools/keiko_data.py synth
KEIKO-01-20260913T015425,KEIKO-01,2026-09-13T01:54:25Z,42.33952,-70.97359,0.76,unknown,349,4.2,8000,clips/KEIKO-01-20260913T015425.wav,spectrograms/KEIKO-01-20260913T015425.png,synthetic,generated by tools/keiko_data.py synth
KEIKO-01-20260913T032501,KEIKO-01,2026-09-13T03:25:01Z,42.34182,-70.97088,0.70,unknown,364,1.6,8000,clips/KEIKO-01-20260913T032501.wav,spectrograms/KEIKO-01-20260913T032501.png,synthetic,generated by tools/keiko_data.py synth
KEIKO-01-20260913T130121,KEIKO-01,2026-09-13T13:01:21Z,42.34377,-70.96901,0.69,unknown,204,1.7,8000,clips/KEIKO-01-20260913T130121.wav,spectrograms/KEIKO-01-20260913T130121.png,synthetic,generated by tools/keiko_data.py synth
KEIKO-01-20260913T193148,KEIKO-01,2026-09-13T19:31:48Z,42.35748,-71.08508,0.99,motorboat,81,11.2,8000,clips/KEIKO-01-20260913T193148.wav,spectrograms/KEIKO-01-20260913T193148.png,synthetic,generated by tools/keiko_data.py synth --site charles
KEIKO-01-20260914T052359,KEIKO-01,2026-09-14T05:23:59Z,42.35898,-71.08304,0.69,crew shell,107,9.0,8000,clips/KEIKO-01-20260914T052359.wav,spectrograms/KEIKO-01-20260914T052359.png,synthetic,generated by tools/keiko_data.py synth --site charles
KEIKO-01-20260914T053025,KEIKO-01,2026-09-14T05:30:25Z,42.33938,-70.97022,0.82,unknown,145,2.7,8000,clips/KEIKO-01-20260914T053025.wav,spectrograms/KEIKO-01-20260914T053025.png,synthetic,generated by tools/keiko_data.py synth
KEIKO-01-20260914T112451,KEIKO-01,2026-09-14T11:24:51Z,42.33712,-70.96640,0.77,unknown,414,3.6,8000,clips/KEIKO-01-20260914T112451.wav,spectrograms/KEIKO-01-20260914T112451.png,synthetic,generated by tools/keiko_data.py synth
KEIKO-01-20260915T072554,KEIKO-01,2026-09-15T07:25:54Z,42.33834,-70.96880,0.67,unknown,93,2.2,8000,clips/KEIKO-01-20260915T072554.wav,spectrograms/KEIKO-01-20260915T072554.png,synthetic,generated by tools/keiko_data.py synth
KEIKO-01-20260915T132028,KEIKO-01,2026-09-15T13:20:28Z,42.34012,-70.96908,0.89,unknown,255,4.1,8000,clips/KEIKO-01-20260915T132028.wav,spectrograms/KEIKO-01-20260915T132028.png,synthetic,generated by tools/keiko_data.py synth
KEIKO-01-20260915T195630,KEIKO-01,2026-09-15T19:56:30Z,42.35919,-71.08316,0.76,crew shell,81,7.9,8000,clips/KEIKO-01-20260915T195630.wav,spectrograms/KEIKO-01-20260915T195630.png,synthetic,generated by tools/keiko_data.py synth --site charles
KEIKO-01-20260915T235153,KEIKO-01,2026-09-15T23:51:53Z,42.35641,-71.08608,0.93,motorboat,68,6.2,8000,clips/KEIKO-01-20260915T235153.wav,spectrograms/KEIKO-01-20260915T235153.png,synthetic,generated by tools/keiko_data.py synth --site charles
KEIKO-01-20260916T042729,KEIKO-01,2026-09-16T04:27:29Z,42.35894,-71.08507,0.71,crew shell,78,6.5,8000,clips/KEIKO-01-20260916T042729.wav,spectrograms/KEIKO-01-20260916T042729.png,synthetic,generated by tools/keiko_data.py synth --site charles
KEIKO-01-20260916T043407,KEIKO-01,2026-09-16T04:34:07Z,42.35525,-71.09018,0.77,motorboat,63,9.2,8000,clips/KEIKO-01-20260916T043407.wav,spectrograms/KEIKO-01-20260916T043407.png,synthetic,generated by tools/keiko_data.py synth --site charles
KEIKO-01-20260916T043639,KEIKO-01,2026-09-16T04:36:39Z,42.35553,-71.09116,0.65,crew shell,93,11.8,8000,clips/KEIKO-01-20260916T043639.wav,spectrograms/KEIKO-01-20260916T043639.png,synthetic,generated by tools/keiko_data.py synth --site charles
KEIKO-01-20260916T050453,KEIKO-01,2026-09-16T05:04:53Z,42.33733,-70.96990,0.74,unknown,199,1.6,8000,clips/KEIKO-01-20260916T050453.wav,spectrograms/KEIKO-01-20260916T050453.png,synthetic,generated by tools/keiko_data.py synth
KEIKO-01-20260916T073057,KEIKO-01,2026-09-16T07:30:57Z,42.34023,-70.96738,0.85,unknown,162,3.4,8000,clips/KEIKO-01-20260916T073057.wav,spectrograms/KEIKO-01-20260916T073057.png,synthetic,generated by tools/keiko_data.py synth
KEIKO-01-20260916T095225,KEIKO-01,2026-09-16T09:52:25Z,42.33817,-70.96936,0.87,unknown,288,3.4,8000,clips/KEIKO-01-20260916T095225.wav,spectrograms/KEIKO-01-20260916T095225.png,synthetic,generated by tools/keiko_data.py synth
KEIKO-01-20260916T115029,KEIKO-01,2026-09-16T11:50:29Z,42.35815,-71.08463,0.79,motorboat,109,9.4,8000,clips/KEIKO-01-20260916T115029.wav,spectrograms/KEIKO-01-20260916T115029.png,synthetic,generated by tools/keiko_data.py synth --site charles
KEIKO-01-20260916T154104,KEIKO-01,2026-09-16T15:41:04Z,42.34216,-70.96960,0.75,unknown,438,4.9,8000,clips/KEIKO-01-20260916T154104.wav,spectrograms/KEIKO-01-20260916T154104.png,synthetic,generated by tools/keiko_data.py synth
KEIKO-01-20260916T193833,KEIKO-01,2026-09-16T19:38:33Z,42.35815,-71.08725,0.90,motorboat,135,8.2,8000,clips/KEIKO-01-20260916T193833.wav,spectrograms/KEIKO-01-20260916T193833.png,synthetic,generated by tools/keiko_data.py synth --site charles
KEIKO-01-20260917T161836,KEIKO-01,2026-09-17T16:18:36Z,42.33653,-70.97174,0.78,unknown,213,1.8,8000,clips/KEIKO-01-20260917T161836.wav,spectrograms/KEIKO-01-20260917T161836.png,synthetic,generated by tools/keiko_data.py synth
KEIKO-01-20260917T172336,KEIKO-01,2026-09-17T17:23:36Z,42.35884,-71.08502,0.83,motorboat,88,6.9,8000,clips/KEIKO-01-20260917T172336.wav,spectrograms/KEIKO-01-20260917T172336.png,synthetic,generated by tools/keiko_data.py synth --site charles
KEIKO-01-20260918T055654,KEIKO-01,2026-09-18T05:56:54Z,42.35801,-71.08458,0.80,motorboat,132,10.0,8000,clips/KEIKO-01-20260918T055654.wav,spectrograms/KEIKO-01-20260918T055654.png,synthetic,generated by tools/keiko_data.py synth --site charles
KEIKO-01-20260918T151009,KEIKO-01,2026-09-18T15:10:09Z,42.35643,-71.08633,0.64,crew shell,91,7.0,8000,clips/KEIKO-01-20260918T151009.wav,spectrograms/KEIKO-01-20260918T151009.png,synthetic,generated by tools/keiko_data.py synth --site charles
KEIKO-01-20260919T041624,KEIKO-01,2026-09-19T04:16:24Z,42.35474,-71.09014,0.80,motorboat,74,6.2,8000,clips/KEIKO-01-20260919T041624.wav,spectrograms/KEIKO-01-20260919T041624.png,synthetic,generated by tools/keiko_data.py synth --site charles
KEIKO-01-20260919T113553,KEIKO-01,2026-09-19T11:35:53Z,42.34127,-70.96597,0.75,unknown,298,3.4,8000,clips/KEIKO-01-20260919T113553.wav,spectrograms/KEIKO-01-20260919T113553.png,synthetic,generated by tools/keiko_data.py synth
KEIKO-01-20260919T140058,KEIKO-01,2026-09-19T14:00:58Z,42.34257,-70.97420,0.79,unknown,259,3.4,8000,clips/KEIKO-01-20260919T140058.wav,spectrograms/KEIKO-01-20260919T140058.png,synthetic,generated by tools/keiko_data.py synth
KEIKO-01-20260919T144454,KEIKO-01,2026-09-19T14:44:54Z,42.33930,-70.96835,0.76,unknown,382,4.2,8000,clips/KEIKO-01-20260919T144454.wav,spectrograms/KEIKO-01-20260919T144454.png,synthetic,generated by tools/keiko_data.py synth
KEIKO-01-20260919T155131,KEIKO-01,2026-09-19T15:51:31Z,42.35873,-71.08581,0.61,crew shell,104,6.1,8000,clips/KEIKO-01-20260919T155131.wav,spectrograms/KEIKO-01-20260919T155131.png,synthetic,generated by tools/keiko_data.py synth --site charles
KEIKO-01-20260919T191210,KEIKO-01,2026-09-19T19:12:10Z,42.33917,-70.97451,0.87,unknown,331,2.6,8000,clips/KEIKO-01-20260919T191210.wav,spectrograms/KEIKO-01-20260919T191210.png,synthetic,generated by tools/keiko_data.py synth
KEIKO-01-20260919T211032,KEIKO-01,2026-09-19T21:10:32Z,42.33655,-70.96751,0.77,unknown,307,2.7,8000,clips/KEIKO-01-20260919T211032.wav,spectrograms/KEIKO-01-20260919T211032.png,synthetic,generated by tools/keiko_data.py synth
KEIKO-01-20260919T234701,KEIKO-01,2026-09-19T23:47:01Z,42.35784,-71.08340,0.72,motorboat,89,11.1,8000,clips/KEIKO-01-20260919T234701.wav,spectrograms/KEIKO-01-20260919T234701.png,synthetic,generated by tools/keiko_data.py synth --site charles
KEIKO-01-20260920T073538,KEIKO-01,2026-09-20T07:35:38Z,42.35720,-71.08680,0.77,humpback whale,349,8.5,44100,clips/KEIKO-01-20260920T073538.wav,spectrograms/KEIKO-01-20260920T073538.png,replay,NPS humpback recording replayed through keiko_pipeline; Megaptera_novaeangliae over 4 windows
KEIKO-01-20260920T073552,KEIKO-01,2026-09-20T07:35:52Z,42.35720,-71.08680,0.71,humpback whale,341,5.5,44100,clips/KEIKO-01-20260920T073552.wav,spectrograms/KEIKO-01-20260920T073552.png,replay,NPS humpback recording replayed through keiko_pipeline; Megaptera_novaeangliae over 2 windows
KEIKO-01-20260920T073558,KEIKO-01,2026-09-20T07:35:58Z,42.35720,-71.08680,0.74,humpback whale,347,5.5,44100,clips/KEIKO-01-20260920T073558.wav,spectrograms/KEIKO-01-20260920T073558.png,replay,NPS humpback recording replayed through keiko_pipeline; Megaptera_novaeangliae over 2 windows
KEIKO-01-20260920T073611,KEIKO-01,2026-09-20T07:36:11Z,42.35720,-71.08680,0.90,humpback whale,348,7.0,44100,clips/KEIKO-01-20260920T073611.wav,spectrograms/KEIKO-01-20260920T073611.png,replay,NPS humpback recording replayed through keiko_pipeline; Megaptera_novaeangliae over 3 windows
KEIKO-01-20260920T082158,KEIKO-01,2026-09-20T08:21:58Z,42.33000,-70.28000,0.85,humpback whale,308,9.5,44100,clips/KEIKO-01-20260920T082158.wav,spectrograms/KEIKO-01-20260920T082158.png,replay,NPS humpback recording replayed through keiko_pipeline; Megaptera_novaeangliae over 5 windows
KEIKO-01-20260920T082215,KEIKO-01,2026-09-20T08:22:15Z,42.33000,-70.28000,0.76,humpback whale,346,5.5,44100,clips/KEIKO-01-20260920T082215.wav,spectrograms/KEIKO-01-20260920T082215.png,replay,NPS humpback recording replayed through keiko_pipeline; Megaptera_novaeangliae over 2 windows
KEIKO-01-20260920T082737,KEIKO-01,2026-09-20T08:27:37Z,42.34000,-70.97000,0.84,humpback whale,308,9.5,44100,clips/KEIKO-01-20260920T082737.wav,spectrograms/KEIKO-01-20260920T082737.png,replay,NPS humpback recording replayed through keiko_pipeline; Megaptera_novaeangliae over 5 windows
KEIKO-01-20260920T082754,KEIKO-01,2026-09-20T08:27:54Z,42.34000,-70.97000,0.84,humpback whale,346,5.5,44100,clips/KEIKO-01-20260920T082754.wav,spectrograms/KEIKO-01-20260920T082754.png,replay,NPS humpback recording replayed through keiko_pipeline; Megaptera_novaeangliae over 2 windows
KEIKO-01-20260920T082937,KEIKO-01,2026-09-20T08:29:37Z,42.34000,-70.97000,0.90,humpback whale,308,7.0,44100,clips/KEIKO-01-20260920T082937.wav,spectrograms/KEIKO-01-20260920T082937.png,replay,NPS humpback recording replayed through keiko_pipeline; Megaptera_novaeangliae over 3 windows
KEIKO-01-20260920T082951,KEIKO-01,2026-09-20T08:29:51Z,42.34000,-70.97000,0.79,humpback whale,346,5.5,44100,clips/KEIKO-01-20260920T082951.wav,spectrograms/KEIKO-01-20260920T082951.png,replay,NPS humpback recording replayed through keiko_pipeline; Megaptera_novaeangliae over 2 windows
KEIKO-01-20260920T083009,KEIKO-01,2026-09-20T08:30:09Z,42.34000,-70.97000,0.86,humpback whale,349,14.5,44100,clips/KEIKO-01-20260920T083009.wav,spectrograms/KEIKO-01-20260920T083009.png,replay,NPS humpback recording replayed through keiko_pipeline; Megaptera_novaeangliae over 8 windows
KEIKO-01-20260920T083035,KEIKO-01,2026-09-20T08:30:35Z,42.34000,-70.97000,0.75,humpback whale,346,7.0,44100,clips/KEIKO-01-20260920T083035.wav,spectrograms/KEIKO-01-20260920T083035.png,replay,NPS humpback recording replayed through keiko_pipeline; Megaptera_novaeangliae over 3 windows
KEIKO-01-20260920T083048,KEIKO-01,2026-09-20T08:30:48Z,42.34000,-70.97000,0.88,humpback whale,349,13.0,44100,clips/KEIKO-01-20260920T083048.wav,spectrograms/KEIKO-01-20260920T083048.png,replay,NPS humpback recording replayed through keiko_pipeline; Megaptera_novaeangliae over 7 windows
KEIKO-01-20260920T083108,KEIKO-01,2026-09-20T08:31:08Z,42.34000,-70.97000,0.82,humpback whale,345,5.5,44100,clips/KEIKO-01-20260920T083108.wav,spectrograms/KEIKO-01-20260920T083108.png,replay,NPS humpback recording replayed through keiko_pipeline; Megaptera_novaeangliae over 2 windows
KEIKO-01-20260920T083114,KEIKO-01,2026-09-20T08:31:14Z,42.34000,-70.97000,0.73,humpback whale,347,5.5,44100,clips/KEIKO-01-20260920T083114.wav,spectrograms/KEIKO-01-20260920T083114.png,replay,NPS humpback recording replayed through keiko_pipeline; Megaptera_novaeangliae over 2 windows
KEIKO-01-20260920T083126,KEIKO-01,2026-09-20T08:31:26Z,42.34000,-70.97000,0.86,humpback whale,349,13.0,44100,clips/KEIKO-01-20260920T083126.wav,spectrograms/KEIKO-01-20260920T083126.png,replay,NPS humpback recording replayed through keiko_pipeline; Megaptera_novaeangliae over 6 windows
KEIKO-01-20260920T124300,KEIKO-01,2026-09-20T12:43:00Z,42.35817,-71.08387,0.75,motorboat,66,10.3,8000,clips/KEIKO-01-20260920T124300.wav,spectrograms/KEIKO-01-20260920T124300.png,synthetic,generated by tools/keiko_data.py synth --site charles
